{
  "config": {
    "model": "pinhole",
    "cols": 10,
    "rows": 8,
    "square_size_mm": 2.0
  },
  "image_size": [
    1000,
    1000
  ],
  "camera": {
    "K": [
      [
        1512.142103640218,
        0.0,
        589.3642137794544
      ],
      [
        0.0,
        1501.509575284814,
        509.8295407201137
      ],
      [
        0.0,
        0.0,
        1.0
      ]
    ],
    "dist": [
      -0.16504625267309012,
      -0.19457151367684924,
      0.0007533952008258788,
      0.013694165750711387,
      0.7351679772475508
    ],
    "R": [
      [
        0.8157442724087427,
        -0.019308280866114705,
        -0.5780903669170818
      ],
      [
        0.024032131422091756,
        0.9997110506949654,
        0.000521323009023124
      ],
      [
        0.5779132622562337,
        -0.01431800993028206,
        0.8159725828114532
      ]
    ],
    "t": [
      -2.286432930560411,
      0.6543241657777303,
      73.4163549902585
    ],
    "rms": 0.7452209570191239
  }
}