{
  "config": {
    "model": "pinhole",
    "cols": 10,
    "rows": 8,
    "square_size_mm": 2.0
  },
  "image_size": [
    1000,
    1000
  ],
  "camera": {
    "K": [
      [
        1542.8893220670736,
        0.0,
        405.6234719381871
      ],
      [
        0.0,
        1528.2516069916394,
        500.01368594537763
      ],
      [
        0.0,
        0.0,
        1.0
      ]
    ],
    "dist": [
      -0.14686345215420404,
      -0.2933672618971817,
      -0.002005166167936729,
      -0.01850351697960399,
      0.6886600738976323
    ],
    "R": [
      [
        0.7111940725156669,
        -0.016716970383124915,
        0.7027969366181029
      ],
      [
        -0.003131551818414656,
        0.9996319704470901,
        0.026946559024789513
      ],
      [
        -0.7029887514048775,
        -0.021365078077966525,
        0.7108799820201253
      ]
    ],
    "t": [
      -3.6892862774998614,
      2.491829547971085,
      84.49720705160131
    ],
    "rms": 0.954542625601971
  }
}