{
  "config": {
    "model": "pinhole",
    "reference": "left",
    "cols": 10,
    "rows": 8,
    "square_size_mm": 2.0
  },
  "image_size": [
    1000,
    1000
  ],
  "stereo": {
    "R": [
      [
        0.1666668102290318,
        0.0008048022177945258,
        0.9860129444695289
      ],
      [
        -0.03990572916329559,
        0.9991858539854842,
        0.005929753388155826
      ],
      [
        -0.9852054136818502,
        -0.04033585859615335,
        0.16656323532906508
      ]
    ],
    "T": [
      [
        -75.62673187599526
      ],
      [
        1.3147817661706513
      ],
      [
        69.90722440869007
      ]
    ],
    "E": [
      [
        1.4943686499694024,
        -69.90334257195694,
        -0.1955382960689536
      ],
      [
        -62.8566515591348,
        -2.994207673795375,
        81.52606131753413
      ],
      [
        2.7988093966336853,
        -75.5662188129289,
        -1.7448397101736068
      ]
    ],
    "F": [
      [
        -3.512594002801594e-08,
        1.6547509925661777e-06,
        -0.0008159888091236091
      ],
      [
        1.4916308666633886e-06,
        7.155772728824109e-08,
        -0.003841089929063586
      ],
      [
        -0.0008330908077789183,
        0.0020529386268270853,
        1.0
      ]
    ]
  }
}