{
  "config": {
    "model": "pinhole",
    "cols": 10,
    "rows": 8,
    "square_size_mm": 2.0
  },
  "image_size": [
    1000,
    1000
  ],
  "camera": {
    "K": [
      [
        1549.8365285512793,
        0.0,
        450.5336832451888
      ],
      [
        0.0,
        1474.8760626889648,
        580.2017220663311
      ],
      [
        0.0,
        0.0,
        1.0
      ]
    ],
    "dist": [
      -0.1669903047048237,
      -0.720542878257625,
      -3.50675493809368e-06,
      -0.03928353918602397,
      4.9409569860461415
    ],
    "R": [
      [
        0.7351685334242508,
        -0.18393693783143536,
        0.6524526269117406
      ],
      [
        0.10449773715321722,
        0.9817295598905253,
        0.1590197917462249
      ],
      [
        -0.6697816438158732,
        -0.048726523971552776,
        0.7409576745462297
      ]
    ],
    "t": [
      -14.68924507255039,
      -11.203757557707116,
      70.32714252733103
    ],
    "rms": 0.7089461701745559
  }
}