{
  "config": {
    "model": "pinhole",
    "cols": 10,
    "rows": 8,
    "square_size_mm": 2.0
  },
  "image_size": [
    1000,
    1000
  ],
  "camera": {
    "K": [
      [
        1566.4657149680122,
        0.0,
        536.8596663841583
      ],
      [
        0.0,
        1440.3840533662378,
        473.3039533450117
      ],
      [
        0.0,
        0.0,
        1.0
      ]
    ],
    "dist": [
      -0.2203687701891308,
      1.5080552451235731,
      -0.0005215678868609962,
      0.05330432554016402,
      -13.877244433644202
    ],
    "R": [
      [
        0.6973089006704934,
        0.037114445588262074,
        -0.7158092029126083
      ],
      [
        0.12263403160957234,
        0.9777556946846183,
        0.1701607939655363
      ],
      [
        0.7062019479843497,
        -0.20643720459373405,
        0.6772462544914032
      ]
    ],
    "t": [
      4.413317986230542,
      -6.669809512525829,
      60.07383476276273
    ],
    "rms": 0.6857080539432595
  }
}