{
  "config": {
    "model": "pinhole",
    "reference": "left",
    "cols": 10,
    "rows": 8,
    "square_size_mm": 2.0
  },
  "image_size": [
    1000,
    1000
  ],
  "stereo": {
    "R": [
      [
        0.04712822495360644,
        0.03173362901946687,
        0.9983846489214353
      ],
      [
        0.006549801164786257,
        0.9994639357467383,
        -0.03207711405881085
      ],
      [
        -0.9988673738377004,
        0.00805095838363646,
        0.04689511223657453
      ]
    ],
    "T": [
      [
        -74.80168018532677
      ],
      [
        -2.7233873510509525
      ],
      [
        72.50767126861392
      ]
    ],
    "E": [
      [
        2.24539194155597,
        -72.49072837618539,
        2.198123285930889
      ],
      [
        -71.29980000295552,
        2.9031567553018007,
        75.8983791114012
      ],
      [
        -0.3615877202896867,
        -74.67515871462095,
        5.118410151451501
      ]
    ],
    "F": [
      [
        -5.553264252275418e-08,
        1.9497603440019305e-06,
        -0.0009781747621961394
      ],
      [
        1.852997602828819e-06,
        -8.205397434969427e-08,
        -0.004045831306521331
      ],
      [
        -0.0010362333130173689,
        0.002282043947950374,
        1.0
      ]
    ]
  }
}