{
  "camera_estimate_of_pupil_center_xxyyzz": [
    11224.35525,
    12406.122000000012,
    1315.640625
  ],
  "reflection_boundary_points_xxyyzz": [
    [
      14782.085625,
      12406.122000000012,
      1124.6469768055713
    ],
    [
      14732.746125000001,
      13024.86600000001,
      1107.4513517176356
    ],
    [
      15620.476125000001,
      14005.750500000013,
      1054.2194940896925
    ],
    [
      14618.208,
      14365.795500000015,
      1020.4609899778006
    ],
    [
      14481.286125,
      15138.939750000014,
      988.5477302888676
    ],
    [
      15011.733375000002,
      16919.352750000016,
      942.4082690561363
    ],
    [
      13108.686000000002,
      15669.863250000017,
      961.5011931206682
    ],
    [
      12644.866125,
      16308.609750000016,
      918.6793125553468
    ],
    [
      12014.835000000001,
      16888.968000000015,
      880.6501194838293
    ],
    [
      11224.35525,
      16643.508750000015,
      892.7697361015835
    ],
    [
      10215.705375,
      18126.170250000017,
      822.4708272800626
    ],
    [
      9967.43625,
      15859.315500000015,
      920.2610941297016
    ],
    [
      9164.240625,
      15974.187000000014,
      895.2958681514729
    ],
    [
      7581.6142500000005,
      16747.045500000015,
      832.2218953673455
    ],
    [
      6872.2875,
      16057.911750000014,
      871.2189639395074
    ],
    [
      6990.159375000001,
      14850.999000000014,
      916.5420768102349
    ],
    [
      7770.923625,
      13662.850500000013,
      973.4173377695188
    ],
    [
      7688.294250000001,
      13029.723750000012,
      1006.0729005327285
    ],
    [
      7633.858875000001,
      12406.122000000012,
      1039.2001694469482
    ],
    [
      7272.813750000001,
      11709.273000000012,
      1033.594234694765
    ],
    [
      6691.6935,
      10756.77300000001,
      1079.5042511813554
    ],
    [
      7623.429,
      10327.00500000001,
      1100.2558712374293
    ],
    [
      7170.277125,
      9004.458750000009,
      1162.2894447674107
    ],
    [
      7355.633625000001,
      7796.022000000007,
      1212.7608229899279
    ],
    [
      9450.181125000001,
      9333.261750000009,
      1168.5770861266192
    ],
    [
      10012.299,
      9076.27725000001,
      1198.2163453522044
    ],
    [
      10602.37275,
      8879.014500000008,
      1196.253726952932
    ],
    [
      11224.35525,
      7353.204750000007,
      1252.4089685191302
    ],
    [
      11866.673625000001,
      8763.571500000007,
      1209.7666081057205
    ],
    [
      12710.588625000002,
      8323.135500000008,
      1231.1988479686597
    ],
    [
      12977.4315,
      9369.74250000001,
      1185.5771547884506
    ],
    [
      15430.547625000001,
      7393.876500000008,
      1315.227986826204
    ],
    [
      13856.446125000002,
      10197.56025000001,
      1230.8143797292232
    ],
    [
      14212.2525,
      10680.85875000001,
      1155.9043518263043
    ],
    [
      14602.968,
      11176.730250000011,
      1130.9775096158783
    ],
    [
      14695.789125000001,
      11793.95025000001,
      1155.8291719423014
    ]
  ],
  "center_fitted_from_reflection_boundary_xxyyzz": [
    11004.611922735185,
    12521.93025832342,
    1058.6458061725548
  ],
  "radius_fitted_from_reflection_boundary": 4405.349238534474,
  "laser_offset_dxdydz": [
    -219.7433272648159,
    115.80825832340815,
    -256.9948188274452
  ]
}