{
  "config": {
    "model": "pinhole",
    "cols": 10,
    "rows": 8,
    "square_size_mm": 2.0
  },
  "image_size": [
    1000,
    1000
  ],
  "camera": {
    "K": [
      [
        1678.9604035532243,
        0.0,
        898.5447651226846
      ],
      [
        0.0,
        1678.673318720222,
        539.8658893215581
      ],
      [
        0.0,
        0.0,
        1.0
      ]
    ],
    "dist": [
      -0.2949333055125683,
      0.5757087662889753,
      0.0,
      0.0,
      0.0
    ],
    "R": [
      [
        0.5918166014054447,
        -0.010371673003529458,
        -0.8060059172859818
      ],
      [
        0.006060044710698159,
        0.9999462080214274,
        -0.008417655354830066
      ],
      [
        0.8060498658017464,
        9.727628805753993e-05,
        0.591847619221629
      ]
    ],
    "t": [
      -8.194578910319063,
      -9.40464666310183,
      70.73016317208537
    ],
    "rms": 0.7080061376527813
  }
}