{
  "config": {
    "model": "pinhole",
    "cols": 10,
    "rows": 8,
    "square_size_mm": 2.0
  },
  "image_size": [
    1000,
    1000
  ],
  "camera": {
    "K": [
      [
        1670.6785998948878,
        0.0,
        216.7543152490289
      ],
      [
        0.0,
        1661.2884040080903,
        524.0162180137336
      ],
      [
        0.0,
        0.0,
        1.0
      ]
    ],
    "dist": [
      -0.31079796261617915,
      0.40742321867781983,
      0.0,
      0.0,
      0.0
    ],
    "R": [
      [
        0.7408444332251712,
        -0.007613985372647155,
        0.671633496027424
      ],
      [
        -0.0024675601653066336,
        0.9998981479149046,
        0.014057202537276615
      ],
      [
        -0.6716721200899329,
        -0.012071496306943036,
        0.7407501887079112
      ]
    ],
    "t": [
      -5.076553043524717,
      -6.81174338200195,
      78.16431046118463
    ],
    "rms": 0.7453001679150173
  }
}