{
  "config": {
    "model": "pinhole",
    "cols": 10,
    "rows": 8,
    "square_size_mm": 2.0
  },
  "image_size": [
    1000,
    1000
  ],
  "camera": {
    "K": [
      [
        1658.2258940139884,
        0.0,
        188.6989950307637
      ],
      [
        0.0,
        1634.3012696553199,
        516.7578154120296
      ],
      [
        0.0,
        0.0,
        1.0
      ]
    ],
    "dist": [
      -0.3970607275746549,
      1.946639420277478,
      0.006760972765838235,
      -0.009323969289778362,
      -6.35761032748305
    ],
    "R": [
      [
        0.5640364240791442,
        0.01521313234899337,
        0.8256097582491038
      ],
      [
        -0.018491171391352878,
        0.9998122565020375,
        -0.0057903651766862355
      ],
      [
        -0.8255428449769202,
        -0.01200051467378709,
        0.564211838545574
      ]
    ],
    "t": [
      1.4684382060869083,
      9.424731353426468,
      103.29466603198765
    ],
    "rms": 0.6479986515857413
  }
}