{
  "config": {
    "model": "pinhole",
    "reference": "left",
    "cols": 10,
    "rows": 8,
    "square_size_mm": 2.0
  },
  "image_size": [
    1000,
    1000
  ],
  "stereo": {
    "R": [
      [
        0.27722617509982195,
        -0.006540199031456228,
        0.9607824278348102
      ],
      [
        -0.03059614081953068,
        0.9994095932277087,
        0.01563141488725489
      ],
      [
        -0.9603174079472238,
        -0.03372967181955651,
        0.27686239403803237
      ]
    ],
    "T": [
      [
        -79.36160815025049
      ],
      [
        1.1529664989425599
      ],
      [
        57.67852035231098
      ]
    ],
    "E": [
      [
        0.6575263312469686,
        -57.683355744907516,
        -0.5823838165670625
      ],
      [
        -60.22233824668341,
        -3.0540700009242023,
        77.38875364519943
      ],
      [
        2.1085264461093987,
        -79.30721188895897,
        -2.348284175182548
      ]
    ],
    "F": [
      [
        -1.8404851175485104e-08,
        1.6189952887162548e-06,
        -0.0008271072007576632
      ],
      [
        1.6944083556038226e-06,
        8.616191923560624e-08,
        -0.004269160369596013
      ],
      [
        -0.00095034219739906,
        0.0025377697818544168,
        1.0
      ]
    ]
  }
}