{
  "config": {
    "model": "pinhole",
    "cols": 10,
    "rows": 8,
    "square_size_mm": 2.0
  },
  "image_size": [
    1000,
    1000
  ],
  "camera": {
    "K": [
      [
        1472.4599178495712,
        0.0,
        542.4678124285327
      ],
      [
        0.0,
        1462.1254480466941,
        585.2525351664614
      ],
      [
        0.0,
        0.0,
        1.0
      ]
    ],
    "dist": [
      -0.33801813729416946,
      1.486180256309486,
      -0.002259091739549252,
      -0.0005278247723658414,
      -10.921076393464984
    ],
    "R": [
      [
        0.7504519969172018,
        -0.09232985671329344,
        0.6544440372425184
      ],
      [
        0.15199677483498236,
        0.9877632205331716,
        -0.03493995709357227
      ],
      [
        -0.6432097486533828,
        0.12569414354392056,
        0.7553027217718816
      ]
    ],
    "t": [
      -5.575841107362095,
      -7.745613223816407,
      81.37696776611632
    ],
    "rms": 0.7009560028776166
  }
}