{
  "config": {
    "model": "pinhole",
    "cols": 10,
    "rows": 8,
    "square_size_mm": 2.0
  },
  "image_size": [
    1000,
    1000
  ],
  "camera": {
    "K": [
      [
        1563.1450095582402,
        0.0,
        710.6610743118514
      ],
      [
        0.0,
        1554.9007801214593,
        570.0364741780193
      ],
      [
        0.0,
        0.0,
        1.0
      ]
    ],
    "dist": [
      -0.16699050361881798,
      -0.3597290314895784,
      0.0005588841279198457,
      0.010387234994205326,
      2.226055767314306
    ],
    "R": [
      [
        0.7258174340298194,
        -0.19676533342082803,
        -0.6591452465292904
      ],
      [
        -0.012966503359312653,
        0.95413306065775,
        -0.29910194307377413
      ],
      [
        0.6877651650447278,
        0.22564021388853683,
        0.6899750514528287
      ]
    ],
    "t": [
      2.30808425386551,
      -5.728791490512512,
      78.85279256369459
    ],
    "rms": 0.5840368193022814
  }
}