{
  "config": {
    "model": "pinhole",
    "reference": "left",
    "cols": 10,
    "rows": 8,
    "square_size_mm": 2.0
  },
  "image_size": [
    1000,
    1000
  ],
  "stereo": {
    "R": [
      [
        -0.08807128734808416,
        -0.008781550135024366,
        0.9960754653750273
      ],
      [
        -0.023272703567992124,
        0.9997063269081046,
        0.006755827746653252
      ],
      [
        -0.9958422714534102,
        -0.022586374590273156,
        -0.08824979359398132
      ]
    ],
    "T": [
      [
        -77.2473751545068
      ],
      [
        1.9376033328583329
      ],
      [
        76.69306055208712
      ]
    ],
    "E": [
      [
        -0.14469244021854633,
        -76.71430129855116,
        -0.6891182006453063
      ],
      [
        -83.68065811116465,
        -2.418222107601663,
        69.57501106739326
      ],
      [
        1.9684024832710882,
        -77.20767451819509,
        -2.451869101914018
      ]
    ],
    "F": [
      [
        2.8477257938437947e-09,
        1.5100903353400043e-06,
        -0.0007950338402992991
      ],
      [
        1.6562477108590616e-06,
        4.787079692013487e-08,
        -0.0038260890596955605
      ],
      [
        -0.0009332409933032556,
        0.0021866973240484643,
        1.0
      ]
    ]
  }
}