{
  "config": {
    "model": "pinhole",
    "cols": 10,
    "rows": 8,
    "square_size_mm": 2.0
  },
  "image_size": [
    1000,
    1000
  ],
  "camera": {
    "K": [
      [
        1471.0604520469553,
        0.0,
        496.8273280344428
      ],
      [
        0.0,
        1461.3896480890137,
        447.19456326646014
      ],
      [
        0.0,
        0.0,
        1.0
      ]
    ],
    "dist": [
      -0.3334499421259012,
      0.5540978557900943,
      0.005434044231650115,
      -0.0013615224236667215,
      -0.747796330974779
    ],
    "R": [
      [
        0.5409560663201175,
        0.0546461949233435,
        -0.839273690575288
      ],
      [
        -0.037403275290248124,
        0.9984627955028977,
        0.04090282379127818
      ],
      [
        0.8402187389656495,
        0.00926495423293526,
        0.5421684528945179
      ]
    ],
    "t": [
      -3.5657499654311473,
      -3.127290921674907,
      72.62283938939491
    ],
    "rms": 0.6605283901902326
  }
}