{
  "config": {
    "model": "pinhole",
    "cols": 10,
    "rows": 8,
    "square_size_mm": 2.0
  },
  "image_size": [
    1000,
    1000
  ],
  "camera": {
    "K": [
      [
        1611.1316772077441,
        0.0,
        769.7040265392625
      ],
      [
        0.0,
        1590.16152705306,
        566.4043051063344
      ],
      [
        0.0,
        0.0,
        1.0
      ]
    ],
    "dist": [
      -0.31862583309337916,
      1.5827480386896895,
      0.0018923534969561737,
      0.017035457815319077,
      -5.922986540807484
    ],
    "R": [
      [
        0.5860695009854152,
        -0.02047700987927175,
        -0.8100019951093396
      ],
      [
        -0.014505146603971425,
        0.9992552617122192,
        -0.035756435259144785
      ],
      [
        0.810130940488452,
        0.0327049538579146,
        0.585336010558421
      ]
    ],
    "t": [
      -13.8386987024572,
      3.5240187817763697,
      74.37966474218298
    ],
    "rms": 0.6635708524685432
  }
}