{
  "config": {
    "model": "pinhole",
    "cols": 10,
    "rows": 8,
    "square_size_mm": 2.0
  },
  "image_size": [
    1000,
    1000
  ],
  "camera": {
    "K": [
      [
        1498.2035938596503,
        0.0,
        465.0003274085064
      ],
      [
        0.0,
        1490.4915722290914,
        513.734886977226
      ],
      [
        0.0,
        0.0,
        1.0
      ]
    ],
    "dist": [
      -0.3554407558107107,
      4.944384163400769,
      0.0013236430154855497,
      -0.011765953100390466,
      -47.70287549014968
    ],
    "R": [
      [
        0.8113114002366395,
        0.006097888570328527,
        0.5845824386697289
      ],
      [
        -0.0011599626237724626,
        0.9999604221241517,
        -0.008820922400732683
      ],
      [
        -0.5846130911404352,
        0.0064784211249465295,
        0.8112863635775921
      ]
    ],
    "t": [
      -11.396534785275694,
      2.6624164982789202,
      75.83121866969935
    ],
    "rms": 0.7236100880952866
  }
}