{
  "config": {
    "model": "pinhole",
    "reference": "left",
    "cols": 10,
    "rows": 8,
    "square_size_mm": 2.0
  },
  "image_size": [
    1000,
    1000
  ],
  "stereo": {
    "R": [
      [
        0.06149343007732774,
        0.05676754751474219,
        0.9964918482388535
      ],
      [
        0.009695638253961948,
        0.9983002164345494,
        -0.057468882585102805
      ],
      [
        -0.9980603952948804,
        0.01319558319641504,
        0.060838506950231575
      ]
    ],
    "T": [
      [
        -88.34186943549396
      ],
      [
        0.004652985302330361
      ],
      [
        86.09140421266859
      ]
    ],
    "E": [
      [
        -0.8393550723717955,
        -85.94500605980666,
        4.947859880963132
      ],
      [
        -82.87646538466713,
        6.052920367116435,
        91.1639699390081
      ],
      [
        -0.8568169367516267,
        -88.19197151625056,
        5.072271860013137
      ]
    ],
    "F": [
      [
        1.4778548391263837e-08,
        1.5232500416580044e-06,
        -0.0008166860564495656
      ],
      [
        1.4695221101920518e-06,
        -1.0803745821865177e-07,
        -0.0030597127217086226
      ],
      [
        -0.0008458448970735548,
        0.0015384792327343723,
        1.0
      ]
    ],
    "rms": 0.7547638078929778
  }
}