{
  "config": {
    "model": "pinhole",
    "reference": "left",
    "cols": 10,
    "rows": 8,
    "square_size_mm": 2.0
  },
  "image_size": [
    1000,
    1000
  ],
  "stereo": {
    "R": [
      [
        -0.1972914229843276,
        -0.02616322261596284,
        0.9799957041738327
      ],
      [
        -0.03985932530001799,
        0.9990312926830721,
        0.018646995109585836
      ],
      [
        -0.9795342406488128,
        -0.03538307536573303,
        -0.19814315374046204
      ]
    ],
    "T": [
      [
        -83.92274297227947
      ],
      [
        5.325436082042741
      ],
      [
        99.88901787152042
      ]
    ],
    "E": [
      [
        -1.234938131507282,
        -99.98068495527386,
        -2.917828728090772
      ],
      [
        -101.91244678689645,
        -5.582863350949685,
        81.26209144515558
      ],
      [
        4.3957667748401805,
        -83.702115827364,
        -6.783811461041337
      ]
    ],
    "F": [
      [
        1.768121563432059e-08,
        1.4390623626124065e-06,
        -0.0007675814619144452
      ],
      [
        1.4831684557776079e-06,
        8.168020830724103e-08,
        -0.002949222995891467
      ],
      [
        -0.0008452234423314789,
        0.0012899727930749233,
        1.0
      ]
    ]
  }
}