{
  "config": {
    "model": "pinhole",
    "cols": 10,
    "rows": 8,
    "square_size_mm": 2.0
  },
  "image_size": [
    1000,
    1000
  ],
  "camera": {
    "K": [
      [
        1549.227912743226,
        0.0,
        372.22630324192943
      ],
      [
        0.0,
        1524.1193662656378,
        499.6999993958295
      ],
      [
        0.0,
        0.0,
        1.0
      ]
    ],
    "dist": [
      -0.21224437222423226,
      -0.2594268487009818,
      -0.0007662068019812728,
      -0.01867648450498897,
      3.9999649275883784
    ],
    "R": [
      [
        0.6395861007680337,
        0.02809161935498539,
        0.768206014442973
      ],
      [
        -0.026603733500495528,
        0.9995423131217815,
        -0.014401584738941323
      ],
      [
        -0.7682589804669888,
        -0.011226094653658765,
        0.6400407125571387
      ]
    ],
    "t": [
      -4.9271971678474635,
      0.43198320407340496,
      87.32108366253955
    ],
    "rms": 0.82023240560155
  }
}