{
  "config": {
    "model": "pinhole",
    "cols": 10,
    "rows": 8,
    "square_size_mm": 2.0
  },
  "image_size": [
    1000,
    1000
  ],
  "camera": {
    "K": [
      [
        1483.196922531171,
        0.0,
        586.4980845268957
      ],
      [
        0.0,
        1479.1864136555027,
        532.4783839363889
      ],
      [
        0.0,
        0.0,
        1.0
      ]
    ],
    "dist": [
      -0.35564279738261056,
      3.0496597614071472,
      0.00013559627610450507,
      0.011491246855717424,
      -15.358616801246166
    ],
    "R": [
      [
        0.853421483493882,
        -0.025148290389207874,
        -0.520614382246209
      ],
      [
        0.014420121942360826,
        0.9995922090882823,
        -0.024647020371137855
      ],
      [
        0.5210219108581415,
        0.013526973811903216,
        0.8534361073831028
      ]
    ],
    "t": [
      0.5071716722382893,
      -13.882341503050682,
      67.41058301400678
    ],
    "rms": 0.6827213560797931
  }
}