{
  "config": {
    "model": "pinhole",
    "reference": "left",
    "cols": 10,
    "rows": 8,
    "square_size_mm": 2.0
  },
  "image_size": [
    1000,
    1000
  ],
  "stereo": {
    "R": [
      [
        -0.3338234584885288,
        -0.022387479098499103,
        0.9423697253957026
      ],
      [
        -0.02829264130059996,
        0.9995054875620438,
        0.013722491814408329
      ],
      [
        -0.9422109238440155,
        -0.022081238936599183,
        -0.3342917795519832
      ]
    ],
    "T": [
      [
        -73.68228768206265
      ],
      [
        4.481321378354663
      ],
      [
        115.46091115919896
      ]
    ],
    "E": [
      [
        -0.9556558122738288,
        -115.50276743064012,
        -3.082480306580761
      ],
      [
        -107.96781703125734,
        -4.211874934973093,
        84.17548407233404
      ],
      [
        3.580636736717148,
        -73.54552538565524,
        -5.23416618631396
      ]
    ],
    "F": [
      [
        1.2537444386805286e-08,
        1.5352874466642787e-06,
        -0.0008140898741690959
      ],
      [
        1.4371874269005965e-06,
        5.6804710444206734e-08,
        -0.002943626706595815
      ],
      [
        -0.0008229389768801223,
        0.0013019916805261636,
        1.0
      ]
    ]
  }
}