{
  "name": "left_to_zaber",
  "description": "Transformation from left camera frame to zaber rig coordinate system",
  "R": [
    [
      -0.73689171555964,
      -0.04281976870092344,
      -0.6746532938835847
    ],
    [
      0.003036533022063372,
      -0.998191482728111,
      0.0600378486978188
    ],
    [
      -0.6760039785436006,
      0.04219278632012438,
      0.7356890578061953
    ]
  ],
  "t": [
    62.067415096244254,
    0.7835163941738867,
    -37.86443803616743
  ],
  "source": {
    "method": "umeyama_fit",
    "num_points": 20,
    "rms_error": 0.047712178041050345,
    "scale_check": 1.001630575175954
  },
  "convention": {
    "frame": "moving rig frame, axes parallel to stage axes",
    "xy_zero": "laser beam axis",
    "z_zero": "laser focus with eye lens at 0 um (dot z at reference = lens reading in mm)",
    "rig_coords": "x,y = -(stage - reference); z = lens_ref_mm - delta_stage_z  [mm]",
    "reference_pose_um": [
      12000.023625,
      10100.02425000001,
      12000.023625
    ],
    "reference_lens_um": 12000.023625
  },
  "data": {
    "all_pairs": [
      {
        "left": [
          12.02638528547217,
          5.533217773850532,
          78.52051443860944
        ],
        "input": [
          -0.0,
          -0.0,
          12.000023625
        ],
        "use": true,
        "label": "",
        "tri_rms": 0.14473449641701133,
        "stage_um": [
          12000.023625,
          10100.02425000001,
          12000.023625
        ],
        "base": null
      },
      {
        "left": [
          15.716114315469689,
          5.721555470434729,
          81.8948352717122
        ],
        "input": [
          -5.000005875000001,
          -0.0,
          12.000023625
        ],
        "use": true,
        "label": "",
        "tri_rms": 0.15093687553626375,
        "stage_um": [
          17000.0295,
          10100.02425000001,
          12000.023625
        ],
        "base": null
      },
      {
        "left": [
          8.336855577984759,
          5.34401911208089,
          75.12395247119042
        ],
        "input": [
          5.000005875,
          -0.0,
          12.000023625
        ],
        "use": true,
        "label": "",
        "tri_rms": 0.10264425805204329,
        "stage_um": [
          7000.01775,
          10100.02425000001,
          12000.023625
        ],
        "base": null
      },
      {
        "left": [
          11.995645247899,
          10.505368851962013,
          78.20271371193621
        ],
        "input": [
          -0.0,
          -4.999958250000005,
          12.000023625
        ],
        "use": true,
        "label": "",
        "tri_rms": 0.20905086957044466,
        "stage_um": [
          12000.023625,
          15099.982500000015,
          12000.023625
        ],
        "base": null
      },
      {
        "left": [
          12.044587357212757,
          0.5974195931171319,
          78.84518537624045
        ],
        "input": [
          -0.0,
          4.999958250000005,
          12.000023625
        ],
        "use": true,
        "label": "",
        "tri_rms": 0.16034245012825926,
        "stage_um": [
          12000.023625,
          5100.066000000004,
          12000.023625
        ],
        "base": null
      },
      {
        "left": [
          15.403863072567898,
          5.324013874924422,
          74.82778528085434
        ],
        "input": [
          -0.0,
          -0.0,
          7.00001775
        ],
        "use": true,
        "label": "",
        "tri_rms": 0.11674386310846026,
        "stage_um": [
          12000.023625,
          10100.02425000001,
          17000.0295
        ],
        "base": null
      },
      {
        "left": [
          8.660616152595964,
          5.71768304396167,
          82.18564504645745
        ],
        "input": [
          -0.0,
          -0.0,
          17.0000295
        ],
        "use": true,
        "label": "",
        "tri_rms": 0.18417014130352644,
        "stage_um": [
          12000.023625,
          10100.02425000001,
          7000.01775
        ],
        "base": null
      },
      {
        "left": [
          15.680613340806035,
          10.697337633797176,
          81.58252274260006
        ],
        "input": [
          -5.000005875000001,
          -4.999958250000005,
          12.000023625
        ],
        "use": true,
        "label": "",
        "tri_rms": 0.1293334048936828,
        "stage_um": [
          17000.0295,
          15099.982500000015,
          12000.023625
        ],
        "base": null
      },
      {
        "left": [
          15.748360115390405,
          0.7903575476497621,
          82.219710857893
        ],
        "input": [
          -5.000005875000001,
          4.999958250000005,
          12.000023625
        ],
        "use": true,
        "label": "",
        "tri_rms": 0.20345736480657348,
        "stage_um": [
          17000.0295,
          5100.066000000004,
          12000.023625
        ],
        "base": null
      },
      {
        "left": [
          15.750475144212533,
          0.7877160264906646,
          82.21336696684666
        ],
        "input": [
          -5.000005875000001,
          4.999958250000005,
          12.000023625
        ],
        "use": true,
        "label": "",
        "tri_rms": 0.21697853127988131,
        "stage_um": [
          17000.0295,
          5100.066000000004,
          12000.023625
        ],
        "base": null
      },
      {
        "left": [
          8.354272144315173,
          0.40390052674761484,
          75.44459104367665
        ],
        "input": [
          5.000005875,
          4.999958250000005,
          12.000023625
        ],
        "use": true,
        "label": "",
        "tri_rms": 0.13625448690938832,
        "stage_um": [
          7000.01775,
          5100.066000000004,
          12000.023625
        ],
        "base": null
      },
      {
        "left": [
          19.05075986848983,
          10.488325840203657,
          77.8868916768597
        ],
        "input": [
          -5.000005875000001,
          -4.999958250000005,
          7.00001775
        ],
        "use": true,
        "label": "",
        "tri_rms": 0.0664247436969328,
        "stage_um": [
          17000.0295,
          15099.982500000015,
          17000.0295
        ],
        "base": null
      },
      {
        "left": [
          11.663585282801334,
          10.103482656202527,
          71.09814198991464
        ],
        "input": [
          5.000005875,
          -4.999958250000005,
          7.00001775
        ],
        "use": true,
        "label": "",
        "tri_rms": 0.2734902349350527,
        "stage_um": [
          7000.01775,
          15099.982500000015,
          17000.0295
        ],
        "base": null
      },
      {
        "left": [
          11.728126955681317,
          0.19692191315984323,
          71.75064647348015
        ],
        "input": [
          5.000005875,
          4.999958250000005,
          7.00001775
        ],
        "use": true,
        "label": "",
        "tri_rms": 0.13163289245002913,
        "stage_um": [
          7000.01775,
          5100.066000000004,
          17000.0295
        ],
        "base": null
      },
      {
        "left": [
          19.144695922496574,
          0.5856636023569758,
          78.52771237347282
        ],
        "input": [
          -5.000005875000001,
          4.999958250000005,
          7.00001775
        ],
        "use": true,
        "label": "",
        "tri_rms": 0.20828642106116552,
        "stage_um": [
          17000.0295,
          5100.066000000004,
          17000.0295
        ],
        "base": null
      },
      {
        "left": [
          12.315133645095113,
          10.894231143763758,
          85.25867900101576
        ],
        "input": [
          -5.000005875000001,
          -4.999958250000005,
          17.0000295
        ],